Time,V1,V2,V3,V4,V5,V6,V7,V8,V9,V10,V11,V12,V13,V14,V15,V16,V17,V18,V19,V20,V21,V22,V23,V24,V25,V26,V27,V28,Amount,Class
0,-1.3598071337,-0.0727811733,2.536346738,1.3781552243,-0.3383207699,0.4623877778,0.2395985541,0.0986979013,0.3637869696,0.090794172,-0.5515995333,-0.6178008558,-0.9913898472,-0.3111693537,1.4681769721,-0.4704005253,0.2079712419,0.0257905802,0.4039929603,0.2514120982,-0.0183067779,0.2778375756,-0.1104739102,0.0669280749,0.1285393583,-0.1891148439,0.1335583767,-0.0210530535,149.62,0
0,1.1918571113,0.2661507121,0.1664801134,0.4481540785,0.0600176493,-0.0823608088,-0.0788029833,0.0851016549,-0.2554251281,-0.166974414,1.6127266611,1.0652353114,0.4890950159,-0.1437722964,0.6355580933,0.463917041,-0.1148046631,-0.1833612701,-0.1457830413,-0.0690831352,-0.225775248,-0.6386719528,0.1012880213,-0.3398464755,0.1671704044,0.1258945324,-0.0089830991,0.0147241692,2.69,0
1,-1.3583540616,-1.3401630747,1.7732093426,0.379779593,-0.5031981333,1.8004993808,0.7914609565,0.2476757866,-1.5146543226,0.2076428652,0.6245014594,0.0660836853,0.7172927314,-0.1659459228,2.345864949,-2.8900831944,1.1099693787,-0.1213593132,-2.2618570953,0.5249797252,0.2479981535,0.7716794019,0.9094122623,-0.6892809565,-0.3276418337,-0.1390965715,-0.055352794,-0.0597518406,378.66,0
1,-0.9662717116,-0.1852260081,1.7929933396,-0.863291275,-0.0103088796,1.2472031675,0.2376089398,0.3774358747,-1.3870240627,-0.0549519225,-0.2264872638,0.1782282259,0.50775687,-0.2879237455,-0.6314181177,-1.0596472454,-0.6840927863,1.9657750035,-1.2326219701,-0.2080377812,-0.108300452,0.0052735968,-0.1903205187,-1.1755753319,0.6473760346,-0.2219288445,0.0627228487,0.0614576285,123.5,0
2,-1.1582330935,0.8777367548,1.5487178465,0.403033934,-0.4071933773,0.0959214625,0.5929407454,-0.2705326772,0.8177393082,0.753074432,-0.8228428779,0.5381955501,1.3458515932,-1.1196698347,0.17512113,-0.4514491828,-0.2370332394,-0.038194787,0.803486925,0.4085423604,-0.0094306971,0.7982784946,-0.1374580796,0.1412669838,-0.2060095876,0.5022922242,0.2194222295,0.2151531475,69.99,0
2,-0.4259658844,0.9605230449,1.1411093423,-0.1682520798,0.4209868808,-0.0297275517,0.4762009487,0.2603143331,-0.5686713757,-0.3714071968,1.34126198,0.359893837,-0.3580906526,-0.1371337002,0.5176168066,0.4017258956,-0.0581328234,0.0686531494,-0.0331937878,0.0849676721,-0.2082535147,-0.5598247963,-0.026397668,-0.3714265832,-0.2327938167,0.1059147791,0.2538442247,0.0810802569,3.67,0
4,1.2296576345,0.141003507,0.0453707736,1.2026127367,0.1918809886,0.2727081229,-0.0051590029,0.0812129399,0.4649599948,-0.0992543211,-1.4169072431,-0.1538258263,-0.7510627156,0.1673719625,0.0501435942,-0.4435867979,0.0028205125,-0.6119873399,-0.0455750447,-0.2196325528,-0.1677162658,-0.2707097262,-0.1541037868,-0.780055415,0.7501369358,-0.2572368459,0.0345074297,0.0051677689,4.99,0
7,-0.6442694423,1.4179635455,1.0743803764,-0.4921990185,0.9489340948,0.4281184628,1.1206313584,-3.8078642387,0.6153747307,1.2493761782,-0.6194677961,0.2914743531,1.757964214,-1.3238652197,0.6861325044,-0.0761269994,-1.2221273453,-0.3582215699,0.3245047313,-0.1567418525,1.9434653398,-1.0154547098,0.0575035299,-0.6497090056,-0.4152665662,-0.0516342969,-1.2069210809,-1.0853391883,40.8,0
7,-0.8942860822,0.2861571963,-0.1131922127,-0.2715261301,2.6695986596,3.7218180611,0.3701451277,0.8510844432,-0.3920475868,-0.4104304328,-0.7051165866,-0.1104522617,-0.2862536325,0.0743553603,-0.3287830503,-0.2100772681,-0.4997679688,0.118764861,0.5703281675,0.0527356691,-0.0734251001,-0.2680916322,-0.2042326699,1.0115918019,0.3732046801,-0.3841573077,0.0117473565,0.1424043299,93.2,0
9,-0.3382617524,1.1195933764,1.0443665516,-0.2221872767,0.4993608065,-0.2467611006,0.6515832065,0.0695385865,-0.7367273164,-0.3668456392,1.0176144678,0.8363895703,1.0068435137,-0.4435228169,0.1502191014,0.7394527771,-0.5409799219,0.47667726,0.4517729644,0.2037114547,-0.2469139369,-0.6337526424,-0.1207940841,-0.3850499253,-0.069733046,0.094198834,0.2462193046,0.0830756493,3.68,0
10,1.4490437811,-1.1763388254,0.9138598328,-1.375666655,-1.9713831655,-0.6291521389,-1.423235601,0.0484558879,-1.7204083929,1.6266590583,1.1996439495,-0.6714397785,-0.5139471525,-0.0950450454,0.2309304091,0.0319674668,0.2534147159,0.8543438143,-0.2213654136,-0.3872264744,-0.0093018965,0.3138944108,0.027740158,0.5005122871,0.2513673587,-0.1294779537,0.0428498709,0.0162532619,7.8,0
10,0.3849782152,0.6161094592,-0.8742997026,-0.094018626,2.9245843784,3.3170271683,0.4704546718,0.5382472284,-0.5588946124,0.3097553942,-0.2591155637,-0.326143234,-0.0900467227,0.3628323686,0.9289036606,-0.1294868114,-0.809978926,0.3599853902,0.7076638264,0.1259915756,0.0499236859,0.2384215122,0.0091298686,0.9967102096,-0.7673148272,-0.4922082953,0.0424724419,-0.0543373884,9.99,0
10,1.2499987421,-1.2216368092,0.3839301513,-1.2348986877,-1.4854194738,-0.7532301646,-0.6894049754,-0.2274872275,-2.0940105734,1.3237292745,0.2276662312,-0.2426819989,1.2054168077,-0.317630527,0.7256749902,-0.815612186,0.8739364476,-0.8477885988,-0.6831926263,-0.1027559415,-0.2318092392,-0.4832853301,0.0846676909,0.3928308853,0.1611345536,-0.3549900397,0.0264155491,0.0424220887,121.5,0
11,1.0693735879,0.2877221293,0.8286127266,2.7125204296,-0.1783980162,0.3375437303,-0.0967168617,0.1159817355,-0.2210825662,0.4602304443,-0.7736569305,0.3233872455,-0.0110758871,-0.1784851752,-0.6555642782,-0.1999251713,0.1240054152,-0.9804962015,-0.9829160821,-0.153197231,-0.0368755317,0.0744124028,-0.0714074333,0.1047437526,0.5482647254,0.1040941532,0.0214910584,0.0212933115,27.5,0
12,-2.7918547659,-0.3277707567,1.6417501606,1.7674727439,-0.1365884465,0.8075964683,-0.4229113897,-1.9071074762,0.7557129083,1.1510869877,0.844555471,0.7929439518,0.3704480928,-0.7349751058,0.4067957104,-0.3030576238,-0.1558687148,0.778265457,2.2218680137,-1.5821220436,1.1516630485,0.2221819661,1.0205862043,0.0283166513,-0.2327463243,-0.2355572175,-0.1647775118,-0.0301536366,58.8,0
12,-0.752417043,0.3454854153,2.0573229128,-1.4686432984,-1.1583936804,-0.0778498291,-0.6085814182,0.0036034844,-0.4361669835,0.7477308272,-0.7939806028,-0.7704067288,1.0476269975,-1.0666036815,1.1069534566,1.6601135571,-0.2792653732,-0.4199941412,0.4325353486,0.2634508644,0.4996249547,1.3536504856,-0.2565732804,-0.0650837079,-0.0391243535,-0.0870864732,-0.1809975001,0.1293940594,15.99,0
12,1.1032154353,-0.0402962146,1.2673320886,1.2890914696,-0.7359971636,0.288069163,-0.5860567863,0.1893797137,0.7823328918,-0.2679750665,-0.4503112795,0.936707715,0.7083804062,-0.4686472877,0.3545740634,-0.2466346557,-0.0092123777,-0.5959124057,-0.5756816223,-0.113910177,-0.0246120063,0.1960019528,0.0138016541,0.103758331,0.3642975406,-0.3822605741,0.0928091875,0.037050517,12.99,0
13,-0.4369050714,0.9189662129,0.9245907744,-0.7272190536,0.9156787181,-0.1278673521,0.7076416073,0.0879623555,-0.6652713541,-0.7379798236,0.3240978135,0.2771921072,0.2526242563,-0.2918964604,-0.1845201693,1.1431737072,-0.9287092627,0.6804695926,0.0254364617,-0.0470212823,-0.1947958238,-0.672637997,-0.1568575145,-0.8883863209,-0.3424132188,-0.0490267286,0.0796923992,0.1310237895,0.89,0
14,-5.4012576632,-5.4501478342,1.1863046314,1.7362388001,3.0491058776,-1.7634055737,-1.5597376991,0.1608417473,1.2330897404,0.3451728271,0.9172298677,0.9701167161,-0.2665677649,-0.4791299293,-0.5266085026,0.4720041118,-0.725480945,0.0750813515,-0.4068665732,-2.1968480249,-0.503600329,0.9844597856,2.4585885764,0.042118897,-0.481630824,-0.6212720137,0.3920532896,0.9495942455,46.8,0
15,1.492935977,-1.0293457319,0.4547947337,-1.4380258799,-1.5554341014,-0.720961147,-1.0806641304,-0.0531271179,-1.9786815954,1.6380760369,1.0775424116,-0.6320465146,-0.4169571666,0.0520105154,-0.0429789228,-0.1664324965,0.3042414186,0.5544324991,0.0542295152,-0.3879101726,-0.1776498464,-0.1750738091,0.0400022191,0.2958138627,0.3329305994,-0.2203848507,0.0222984359,0.0076022556,5,0
16,0.6948847756,-1.3618191031,1.0292210396,0.8341592992,-1.1912087945,1.3091088187,-0.8785859115,0.4452901278,-0.4461958316,0.5685207351,1.0191506127,1.2983287006,0.4204802653,-0.3726509972,-0.8079795128,-2.0445574829,0.515663469,0.6258472984,-1.3004081688,-0.1383339404,-0.2955829316,-0.5719550068,-0.0508807005,-0.304214501,0.0720010061,-0.4222344304,0.0865533981,0.0634986493,231.71,0
17,0.9624960699,0.3284610261,-0.1714790542,2.1092040677,1.1295655713,1.6960376857,0.1077116073,0.5215021638,-1.1913111021,0.7243963146,1.6903299206,0.4067735756,-0.9364212959,0.9837394191,0.7109107661,-0.6022317722,0.4024843756,-1.7371620345,-2.0276123218,-0.2693209665,0.1439974234,0.4024916614,-0.0485082212,-1.3718662945,0.3908138854,0.1999636575,0.0163706433,-0.0146053277,34.09,0
18,1.1666163824,0.5021200879,-0.0673003144,2.2615692395,0.4288041946,0.0894735167,0.2411465799,0.1380817052,-0.9891623953,0.9221749671,0.7447857894,-0.5313772501,-2.1053464503,1.1268701049,0.0030753225,0.4244245064,-0.4544752917,-0.0988706272,-0.8165973069,-0.3071685087,0.018701872,-0.0619722672,-0.1038549218,-0.3704151767,0.6032003387,0.1085558728,-0.0405207056,-0.0114178153,2.28,0
18,0.2474911278,0.2776656274,1.1854708422,-0.0926025499,-1.314393979,-0.1501159976,-0.9463649501,-1.6179350506,1.544071402,-0.8298806007,-0.5831995269,0.5249332322,-0.4533752966,0.0813930876,1.555204196,-1.3968948929,0.7831308383,0.4366212139,2.1778071684,-0.2309831429,1.6501803605,0.200454091,-0.1853525081,0.423073148,0.8205912618,-0.2276318639,0.3366344469,0.2504753524,22.75,0
22,-1.9465251312,-0.0449005054,-0.4055700684,-1.013057337,2.9419676995,2.9550533967,-0.0630631474,0.855546309,0.0499669002,0.573742508,-0.0812565147,-0.2157450033,0.0441606278,0.0338977567,1.190717675,0.5788434753,-0.9756670255,0.0440628178,0.488602869,-0.2167152544,-0.5795259344,-0.7992289529,0.8703002153,0.9834214925,0.3212011326,0.1496498769,0.7075188364,0.0145997515,0.89,0
22,-2.0742946723,-0.1214817995,1.3220206305,0.4100075142,0.2951975458,-0.9595372298,0.5439854913,-0.1046267281,0.4756640179,0.1494506153,-0.856566364,-0.180523156,-0.6552329304,-0.2797968556,-0.2116679551,-0.3333206097,0.0107510943,-0.4884726663,0.5057510345,-0.3866935732,-0.4036394988,-0.2274040041,0.7424348641,0.3985348554,0.2492121615,0.2744042739,0.3599693564,0.2432316718,26.43,0
23,1.1732846102,0.3534978766,0.2839050653,1.1335633179,-0.1725771818,-0.9160537069,0.3690248454,-0.3272602422,-0.2466510279,-0.0461393023,-0.1434185273,0.9793503757,1.4922854355,0.1014175259,0.7614775453,-0.0145840825,-0.5116401166,-0.3250563546,-0.3909337977,0.0278779087,0.0670033045,0.2278119276,-0.1504872248,0.4350451034,0.7248245796,-0.3370820599,0.0163683793,0.0300411908,41.88,0
23,1.3227072691,-0.1740408329,0.4345550313,0.5760376524,-0.836758046,-0.8310834115,-0.2649049608,-0.2209819427,-1.0714246177,0.8685585476,-0.6415062898,-0.111315775,0.3614854098,0.1719451219,0.7821665318,-1.3558707295,-0.216935153,1.2717653852,-1.2406219351,-0.5229509407,-0.2843755722,-0.3233574106,-0.0377099051,0.3471509388,0.5596391365,-0.2801581658,0.0423352576,0.0288223002,16,0
23,-0.4142888101,0.9054373226,1.7274529442,1.4734712666,0.0074427412,-0.2003306774,0.7402283194,-0.0292474,-0.5933920191,-0.3461882313,-0.0121421885,0.7867963161,0.6359538833,-0.086324472,0.0768036872,-1.4059193336,0.7755917384,-0.9428889275,0.5439694616,0.0973075911,0.077237434,0.4573305987,-0.0384997246,0.6425219028,-0.1838913353,-0.2774640195,0.1826874865,0.152664645,33,0
23,1.059387115,-0.1753191867,1.2661296425,1.1861099547,-0.7860017528,0.5784352765,-0.7670842764,0.4010461491,0.6994996759,-0.0647375557,1.0482924879,1.0056183649,-0.5420015792,-0.0399145025,-0.2186832477,0.0044756822,-0.1935540387,0.042387962,-0.2778337205,-0.1780233674,0.0136762939,0.2137336101,0.0144618495,0.0029508599,0.2946380148,-0.3950695051,0.0814611172,0.0242203486,12.99,0
24,1.2374290302,0.0610425842,0.3805258798,0.7615641114,-0.3597707104,-0.4940841499,0.0064942181,-0.1338623797,0.4388097367,-0.2073580455,-0.9291821148,0.5271060606,0.3486759011,-0.1525351386,-0.2183856296,-0.1915518183,-0.1165806027,-0.6337908165,0.3484158011,-0.0663513345,-0.2456824983,-0.5309002562,-0.0442653968,0.0791680289,0.5091356895,0.2888578339,-0.0227049817,0.0118362314,17.28,0
25,1.1140085954,0.0855460897,0.4937024874,1.3357599851,-0.300188551,-0.0107537834,-0.1187600151,0.1886166959,0.2056868491,0.0822622588,1.1335556715,0.6266990025,-1.4927803924,0.5207878939,-0.6745925969,-0.5291082419,0.1582561979,-0.3987514793,-0.145708909,-0.2738323673,-0.0532336604,-0.0047601512,-0.0314701704,0.1980537181,0.5650073129,-0.3377181262,0.0290574021,0.0044526314,4.45,0
26,-0.5299122842,0.8738915815,1.3472473293,0.1454566766,0.4142088584,0.1002230941,0.711206083,0.1760659571,-0.2867169347,-0.4846876832,0.8724895901,0.8516358599,-0.5717453029,0.100974273,-1.5197718326,-0.2843759783,-0.3105235849,-0.4042478688,-0.8233735239,-0.2903476109,0.0469490671,0.2081048551,-0.1855483468,0.0010306598,0.0988157011,-0.552903603,-0.0732880836,0.0233070451,6.14,0
26,-0.5299122842,0.8738915815,1.3472473293,0.1454566766,0.4142088584,0.1002230941,0.711206083,0.1760659571,-0.2867169347,-0.4846876832,0.8724895901,0.8516358599,-0.5717453029,0.100974273,-1.5197718326,-0.2843759783,-0.3105235849,-0.4042478688,-0.8233735239,-0.2903476109,0.0469490671,0.2081048551,-0.1855483468,0.0010306598,0.0988157011,-0.552903603,-0.0732880836,0.0233070451,6.14,0
26,-0.5353877631,0.8652678076,1.3510762877,0.1475754745,0.4336802121,0.0869829381,0.6930393111,0.1797422607,-0.2856418612,-0.4824744712,0.8717995804,0.853447435,-0.5718218914,0.102252103,-1.5199912027,-0.2859124971,-0.3096333868,-0.4039019929,-0.8237429945,-0.2832637822,0.0495256867,0.206536543,-0.1871080698,0.0007530143,0.098116606,-0.5534709688,-0.0783055022,0.0254273775,1.77,0
26,-0.5353877631,0.8652678076,1.3510762877,0.1475754745,0.4336802121,0.0869829381,0.6930393111,0.1797422607,-0.2856418612,-0.4824744712,0.8717995804,0.853447435,-0.5718218914,0.102252103,-1.5199912027,-0.2859124971,-0.3096333868,-0.4039019929,-0.8237429945,-0.2832637822,0.0495256867,0.206536543,-0.1871080698,0.0007530143,0.098116606,-0.5534709688,-0.0783055022,0.0254273775,1.77,0
27,-0.2460459487,0.4732669034,1.6957375537,0.262411488,-0.0108664137,-0.6108359353,0.7939365455,-0.2472528309,0.1388791138,-0.4010070683,-0.8120503819,-0.1835244624,-0.6301128871,-0.2862174511,-0.3370463236,-0.4281054736,-0.0306021083,-0.5045681663,0.3551802783,0.0457211273,-0.1945999352,-0.3351327259,-0.0781796063,0.3927838915,-0.0311571468,0.1980367995,-0.1753473007,-0.2036161557,30.49,0
27,-1.4521872786,1.7651237391,0.6116685408,1.1768249842,-0.4459798921,0.2468264519,-0.2575661557,1.0924724973,-0.6075244612,0.047155553,0.7837268532,1.0963856736,-0.2680942057,0.7686480401,-0.5243673542,-0.8088161471,0.7103860674,-0.118368787,0.9792878355,0.0087133338,0.0822798172,0.3257821908,-0.0691073911,0.0209619966,-0.0446684875,-0.2434413917,0.1491803252,0.1205569079,1.8,0
29,0.9963695316,-0.1225887872,0.5468194726,0.7065795411,0.1345595574,1.156995112,-0.2945613314,0.4074290994,0.3378626636,-0.4081504926,0.6826461239,1.2537196848,0.3919170441,-0.0375108584,0.7953015195,-1.6682105914,1.3229948821,-2.8300352287,-1.4634316883,-0.2034612098,-0.0763018365,0.1088669134,0.1622309403,-0.5756240478,0.1097949146,0.3738133673,0.0505521973,0.0051055592,20.53,0
29,1.1108803416,0.1687167707,0.5171439604,1.32540692,-0.1915733538,0.0195037226,-0.0318491084,0.1176199196,0.0176647207,0.0448647914,1.3450747987,1.2863396206,-0.2522670657,0.2744576823,-0.8103943724,-0.5870050634,0.0874510738,-0.5504736282,-0.1547493551,-0.1901197108,-0.0377086545,0.095701462,-0.0481976469,0.2321149391,0.606200749,-0.342096829,0.0367696053,0.0074799607,6.54,0
32,1.2490547196,-0.624727077,-0.7105889035,-0.9916003609,1.4299731921,3.6929770193,-1.0902086412,0.9672908155,0.8501485195,-0.3070811118,-0.4562453083,0.2299813498,-0.0169130996,-0.2208460861,0.3624176989,0.3152223042,-0.5122654454,0.1189946187,0.5747201595,0.0978526921,-0.0062927142,0.0092002245,-0.1294632006,1.1129701705,0.5003821086,1.1965491993,-0.0482204354,0.005093622,29.89,0
32,-2.0088717946,2.1985265032,0.1442417399,1.1594322621,-0.8151742878,0.1822882713,-0.6171083015,1.5308167276,-0.5868322863,0.1298757508,0.6584794483,1.2650492185,-0.2065181664,1.0136032116,-0.5494135096,-0.7080342013,0.8696431695,-0.0956595595,0.9443954091,0.0287401249,0.0949173067,0.2949827044,0.0110813839,0.0152493721,0.0342106363,-0.2361411016,0.1282906726,0.1179859899,2.35,0
33,-0.607877143,1.0313450778,1.7404497373,1.2321055504,0.4185922602,0.119168119,0.8508926663,-0.1762674189,-0.243501348,0.1484554898,-0.3870030942,0.3982992766,0.4819167485,-0.3654390926,0.2355445721,-1.3478114603,0.5046482596,-0.7984045108,0.7597103073,0.2543247778,-0.0873291909,0.2583152799,-0.2647750229,0.1182823671,0.1735080811,-0.2170412868,0.0943119126,-0.033041296,14.8,0
33,-0.935731509,0.1704157742,2.7462612692,-1.0779649123,-0.305594036,0.0115770392,-0.2961784507,0.4027755697,-0.0404717463,-0.8520459756,1.5521093058,0.9535610305,0.4154299021,-0.2338999248,0.452335832,0.844368277,-0.8227390855,0.3388216217,-1.2142344276,-0.0054194503,0.4012120163,1.0648642541,-0.1583254356,0.2955054863,-0.2593696476,0.7541947226,0.0466637698,0.0939479182,9.1,0
34,-0.7622556657,0.127767752,2.6500563857,-1.8756627712,-0.8933563981,-0.2687148895,-0.4198635966,0.1462334067,-0.8696352902,-0.0386516694,-0.6861243871,-0.5029108786,1.3808263222,-1.0391246063,0.652842089,1.8987475626,-0.4584135491,-0.5598032425,-0.2951026399,0.3593929057,0.4333496415,1.2604026644,-0.4047000362,0.0949455233,0.4809759769,-0.0906846797,0.3192229727,0.1355999246,15.99,0
34,1.1383155663,0.05695597,0.6494189646,0.8730620409,-0.4684663307,-0.4101945522,-0.0138975543,-0.0724396093,0.306787909,-0.2699526374,-0.0026018478,1.1243042159,0.7442066842,-0.1883534214,-0.0756619626,-0.7091922717,0.3812191025,-1.372080174,-0.2737011493,-0.0783546328,-0.1642224148,-0.2474005392,0.0594050645,0.4562864652,0.3610040035,0.2744141458,-0.0024983624,0.0171088469,21.34,0
34,-0.2915402446,0.4455753137,1.2497521162,-1.7357358899,0.0857555587,-0.1219242991,0.4077158571,0.0953093776,0.8159022868,-1.4911880115,-0.8461913804,0.0565325501,-0.05895353,0.1519226018,1.9825948819,-0.4432950544,-0.318251412,0.0647871665,0.6135052723,-0.0335223446,-0.064906147,-0.1204489817,-0.1565256337,-0.8002128509,-0.0006203917,-0.8352033072,0.1310014208,0.0628962699,18.95,0
34,0.2016858914,0.4974832154,1.3739125741,0.5714053176,-0.6306577501,-0.5396591238,-0.0762702908,-0.91710575,0.2700084062,-0.4802806821,-0.51253274,0.6809062587,0.0899230365,-0.1574050569,-0.5888193317,-0.4779084457,0.2253887956,-0.6686801592,-0.0235994213,-0.2223025922,0.7189610699,-0.1718768702,-0.1662052546,0.7764713238,0.8184603555,0.4425474554,0.1427572469,0.2192376097,9.99,0
35,1.3863969742,-0.7942094654,0.7782241906,-0.8647084339,-1.0641322797,0.3512961736,-1.1914545834,0.0526856343,-0.3044040393,0.5765168089,-1.6311117619,0.0425595121,2.0478983159,-0.7393384286,1.4562220442,-0.272049583,-0.9320073984,1.9265322004,-0.6599391729,-0.2730328866,-0.2287266456,-0.1235224201,-0.1310251216,-0.9296681789,0.1813790065,1.1949280643,0.0005313319,0.0199106229,30.9,0
35,-1.0632356787,1.4181906255,1.0866728631,1.2414396003,0.0023061261,0.0459015812,0.5141208966,0.2412524035,-0.154499951,0.2806726221,-0.5319480281,0.589857529,0.5550869561,-0.1163573289,0.1658861712,-1.2372100268,0.6384142333,-0.7760705946,0.69280589,0.2350089257,-0.0572284702,0.314152998,-0.1298629283,0.1142837079,-0.027812477,-0.2599370156,0.1187536397,-0.0089562978,20.22,0
35,1.1993559336,0.1299531545,0.8635849708,1.0026347687,-0.7837610146,-0.8846790057,-0.0407432758,-0.2080685117,0.3924778716,-0.2481778999,-0.0953627525,1.3141310481,1.0916814094,-0.4093463523,-0.5779941046,-0.5812837424,0.2123426798,-0.893181253,-0.0206528854,-0.0726201259,-0.0424680857,0.1984740519,-0.0330099751,1.0132901308,0.5590975113,0.4018175344,-0.0058646565,0.0179360319,0.99,0
36,-1.0049293386,-0.9859776814,-0.038038829,3.7100613592,-6.6319508321,5.1221025814,4.3716912559,-2.0068675061,-0.2787364607,-0.2308729234,0.1451552632,-0.0631560505,-0.7995850706,-0.341956368,-0.9305297819,0.5105101855,0.0924281061,0.8239841322,1.1903978001,-0.0019799777,1.3934060041,-0.3816713952,0.9697191756,0.0194447958,0.5709228135,0.3332777817,0.8573731924,-0.0755382462,1402.95,0
36,-1.169422458,1.1583138703,1.4067995363,0.8601888973,-0.1038098888,0.1220347796,0.2644513771,-0.1087665886,-0.1819766111,0.6595926489,0.4563168899,-0.0977627102,-0.3461586863,0.2101823914,2.3452293335,-1.1726476833,0.8600188736,-1.1542242657,0.8587680264,-0.1205601779,0.0244979039,-0.1201531584,0.2129860452,0.0875357634,-0.946529684,0.2267003887,-0.8101007684,0.2349565813,7.99,0
36,1.0955246063,-0.1160853457,1.3979119155,1.4975469002,-1.0491239994,0.0728385348,-0.7238020803,0.287532473,0.9963268124,-0.1491446528,-0.5082916687,-0.027840903,-1.3215597524,-0.0624044667,0.5057505356,-0.2092984706,0.207536534,-0.4713347069,-0.7362975822,-0.2750345786,-0.0332341723,0.0932618846,0.0894983953,0.3612612977,0.2509629476,-0.3782799797,0.0810238997,0.0342269382,2.09,0
37,1.2956676207,0.3414834514,0.0815051987,0.5667460697,-0.1104587733,-0.7663247927,0.0731549034,-0.1683041376,0.07183711,-0.2810439942,-0.5495339389,0.0490931625,0.3039500228,-0.3167501925,1.1348972052,0.6359095774,-0.1997631661,-0.1220510642,0.0045161816,-0.0659833833,-0.3236072293,-0.9297813721,0.0638088057,-0.1935651146,0.287574218,0.1278809852,-0.0237311931,0.0251996727,0.99,0
38,0.1583317823,0.8726874352,0.965524582,1.8021271613,0.139021981,0.1108631,0.5590791859,-0.0290709324,-0.3949122537,0.0326744802,-0.5009189002,0.6319160377,0.7546936166,-0.0476554687,0.3482176168,-1.493526805,0.7572306316,-0.6843692162,1.3033587591,0.0898377828,0.1162699657,0.6916850387,0.12111283,0.1161421676,-1.1127250116,-0.3033691453,0.3275328039,0.2556213831,21.76,0
39,-0.5540645649,0.215728298,0.844264629,-0.7530673163,0.0348484696,-0.5585972476,1.0904009579,-0.2038732315,0.2623936223,-1.3547102199,-0.0948798796,0.9537459917,0.8369640391,0.1447522003,1.1566095316,-1.9330209428,0.7413489575,-0.5136099281,1.5673453867,0.383282933,0.2121339734,0.7023376041,-0.0057006021,0.1473464424,0.2456519522,-0.4404562099,0.1471304192,0.1394677317,120.96,0
39,-1.3308815753,0.2675402271,-0.1684695736,-0.701232148,3.2819715264,3.216389615,-0.0593943523,0.8954304279,-0.0177788238,-0.1657532179,-0.7650473056,-0.0156362827,-0.3566259896,-0.0412000006,-0.7351030999,0.0305333144,-0.7780672878,-0.0151596832,-0.1528240685,-0.1138751913,-0.1510423022,-0.3117263531,-0.3747928127,1.0148860402,0.3539918771,-0.510327072,0.1590326711,0.2287079275,13.84,0
40,1.1106920037,0.0819419014,0.4060630373,1.2907403831,-0.1698131483,0.1209553828,-0.0808452048,0.1743730848,0.152070726,0.0652667232,1.0245497699,0.7931371796,-1.0150397025,0.4229954516,-0.7066295512,-0.4884553575,0.0585314477,-0.3836272259,-0.0740676981,-0.2198461004,-0.0560239846,-0.0116030864,-0.0704828924,0.0043451915,0.6039286405,-0.3274244513,0.0298896885,0.0049442962,13.84,0
41,1.1543121168,0.2654623173,0.3848705241,0.5750070402,-0.2174754647,-0.3915196482,-0.0814889566,0.0627894899,-0.2605833239,-0.1616772169,2.052927777,1.1308259339,0.1894845061,-0.0707926117,0.6193451981,0.3185828965,0.090232112,-0.3314504115,-0.3447212134,-0.0995797456,-0.1932133414,-0.5576850633,0.1694920687,0.1868627041,0.089251983,0.0936262299,-0.0096326404,0.0196676927,2.67,0
41,0.9860633256,-0.2029645868,-0.4927681474,0.4076912747,0.3056602562,-0.2305291789,0.5850280862,-0.208224591,-0.247503448,-0.192253128,-0.6283174961,0.4303079327,0.8112480199,0.371566359,1.0260788486,-0.0285013453,-0.3075461031,-1.0996549147,0.0107385064,0.2635050475,-0.3058739326,-1.2165552687,-0.0776015256,-0.741340788,0.2868811249,0.2003466955,-0.0752033514,0.0272712186,169.05,0
41,1.1387593359,-1.1929528275,1.4071308355,-0.3300701034,-2.06950346,-0.2421754063,-1.3066351143,0.1045104026,0.1346282321,0.4939312774,-0.8951875985,-0.1826954525,0.1460808271,-0.5866108387,0.7971890221,-0.8917208295,-0.0792078212,1.5415884939,-0.9835861792,-0.2993074344,-0.1561983717,-0.0305687769,-0.0197233843,0.4337526011,-0.0295214596,1.1412413016,-0.0086120603,0.0415638962,96.94,0
41,1.1455243873,0.5750679681,0.19400846,2.598191745,-0.0922100227,-1.0444295837,0.531587593,-0.2418881266,-0.8962871739,0.7579523308,-0.4489370779,-0.6608633248,-1.3085221728,0.7888637941,0.3202944512,0.2954038103,-0.2878784549,-0.4514529229,-1.0114461673,-0.191049987,0.0111063338,-0.1197031003,-0.0765095276,0.6913204314,0.6339839771,0.0487412745,-0.0531919416,0.0162514988,34.13,0
42,-0.249361328,0.3992273729,0.0680093337,-1.0606188263,2.4103991707,3.7365739155,0.3164460801,0.6722963058,0.0151401684,-0.2695015622,-0.49512045,-0.16150583,-0.2742144133,-0.2761907676,-0.1724087397,-0.1189621064,-0.5500023911,-0.1480516404,0.7717617828,0.1076763494,-0.2576628411,-0.6167622902,-0.156668822,1.0311349432,0.120617108,0.3104940667,-0.2882986243,-0.223964274,32.51,0
42,-0.5226662813,1.0099230018,0.2764695946,1.4752894586,-0.707012563,0.3552425518,1.5598487874,-0.3995786124,-0.4798129936,0.5163522748,0.0343304586,0.5892255121,1.4269098018,0.0205102491,1.6513363667,-0.9613425692,0.2463600588,-0.407537297,0.9173990116,-0.013016021,0.1724014772,1.0115433602,0.0696662727,0.1578197408,-1.109224318,-0.3023693351,0.3181703373,0.3169095597,243.66,0
44,-0.8999924494,0.1362547822,1.8836647099,-0.2089960956,1.0514406202,1.9052413363,0.2414232501,0.6476307235,-0.0534662496,-0.5041705511,1.2545988072,-0.2366291895,-2.5175872902,0.3845735071,0.3438320968,-1.3705631369,0.9585679816,-1.6072416929,-0.64725644,-0.1217258314,-0.0815002177,-0.0169258892,-0.1477062728,-1.384620203,-0.024352091,0.4126594961,-0.1067762676,-0.1904757733,21.55,0
44,-0.7147640191,0.5149685888,1.821675627,0.6164336331,0.8487756146,-0.1119381369,1.5056170818,-0.7981672979,0.2447565588,0.2645541669,-1.1081140426,-0.3598602246,-0.1634713945,-0.7839968553,-0.3671528269,-0.6531188899,-0.5042999968,-0.2605603605,0.4352510516,0.1073217163,-0.2200753877,-0.0178447102,-0.4319382916,-0.1304584588,0.3371585916,-0.4400415351,-0.6745261569,-0.473217566,59.9,0
44,-0.9488963828,0.2484136201,2.9569142454,2.8137499906,0.1455388018,-0.0273529716,0.1337016342,-0.3075349568,-0.1252437606,1.0349396002,-0.53264784,-0.1898779662,0.0812221878,-0.9390532676,0.0811872301,-0.1297847534,-0.1743534632,-0.0902909934,0.2224345442,-0.0561863263,-0.0836469065,0.4160900819,0.207536735,0.7160640351,-0.6023111145,-0.0642300144,-0.3150575184,-0.2724633322,0.75,0
44,0.9270602489,-0.3236839717,0.387584831,0.5444739886,0.2467873947,1.6503578045,-0.4275760175,0.6153706984,0.226278275,-0.2254952408,1.9445448726,1.3851599537,-0.4792616708,0.3141662759,0.2141672307,-1.333716473,1.0028690205,-2.1193135016,-1.0530430562,-0.1853903745,-0.040513048,0.0793594012,0.0966317457,-0.9925686689,0.0850958289,0.3774472053,0.0360964213,-0.0059602861,45.71,0
46,-1.9232132036,-0.8704823241,2.3201696289,1.9887758015,0.417090785,-0.3800137232,0.4721392696,-0.557333241,-0.6490790504,1.410888883,-0.517736958,-0.9852017728,-0.4005947454,-0.8306646359,0.3380094863,0.0299241758,0.3711503111,-1.0543186721,1.8903639239,-0.3692273983,-0.6864877675,-0.7792675664,1.0860550192,0.5188634271,-0.3637120175,3.0655756965,-0.5890221746,-0.3961098226,35,0
46,1.0065885826,-0.0711053574,0.3476137101,1.3296840463,-0.1932395406,0.155418221,0.00857355,0.1465377012,0.1038443035,0.0318300248,1.0709808666,0.9406648262,-0.7294737772,0.3801147846,-0.7291263046,-0.4934024647,0.0435558762,-0.4052896496,-0.0925845438,-0.0913668567,-0.0202386866,-0.0188806244,-0.1209661872,0.0273817885,0.5938636241,-0.334687922,0.0213680104,0.0150804013,67.97,0
46,-0.3782446345,0.7329254731,-0.1201542108,0.1857550721,2.5942694915,3.7971826512,0.0590879612,0.976768278,-0.4126608649,0.0067536883,-0.6246662422,-0.1158519578,-0.215037273,0.1404494034,0.1602655665,-0.6018901794,-0.1443553152,0.2215574649,1.4548521622,0.3155715607,-0.1075818454,-0.1571395174,-0.1946591962,1.0138973466,0.1455033668,-0.2376195226,0.4113717374,0.202788455,11.45,0
47,1.197838599,0.2368276177,0.5096050016,0.6576586599,-0.3654878465,-0.7451010672,0.079497448,-0.1305355192,-0.0522631188,-0.1100578977,0.3071314747,0.6706644292,0.4379736094,0.2690262352,1.1274194417,-0.1969225709,0.0077036739,-1.1226404779,-0.5909176909,-0.1209814283,-0.1498755967,-0.3742106676,0.1455159858,0.4149839213,0.2121560107,0.1817242499,-0.0164021341,0.015994209,3.63,0
48,-0.580628965,0.4826839331,1.3331230803,-0.2530800227,-0.0284689398,-0.5191657003,0.5032494608,0.1177734829,0.117112238,-0.4204875388,0.4497189137,-0.0178648303,-1.9838231794,0.3216634892,-1.4253018796,0.1251941634,-0.4044094516,0.0977768572,-0.0205312679,-0.2987507302,-0.0421423262,-0.1487072756,0.001451165,0.3027644873,-0.6807141992,-0.015553924,-0.0063070043,0.1642222053,21.66,0
48,-1.7934062442,1.8546039908,0.9795139766,1.1122615265,-0.2064029621,-0.1995456681,0.6166424042,0.0641803532,0.6902715323,1.5517238171,-0.1619648417,0.424213061,0.015944401,-0.4058328183,0.2719304329,-1.4230206486,0.676324383,-0.9110483,0.4618454981,0.6678468717,-0.1807225257,0.2351381697,-0.0914415713,0.4176544738,0.1227338462,-0.2329850412,0.8118798415,0.6185683119,26.72,0
49,1.0986083461,0.2024235638,0.5254559719,1.323436272,-0.1304864212,0.0399243071,0.0283794159,0.0728410709,-0.097869352,0.0195129952,1.4744133209,1.6896742176,0.5067805233,0.1251366645,-0.8927097118,-0.6216791333,0.0443402666,-0.6420939542,-0.161986891,-0.1280408925,-0.0249716784,0.15426426,-0.0631467433,0.2532053071,0.629405435,-0.3453446554,0.0404693379,0.01026375,13.18,0
49,-0.5496261448,0.4189491535,1.7298332524,0.2030653738,-0.1870123876,0.2538775519,0.5008937778,0.251255795,-0.2279848547,-0.5761694199,1.102031894,0.8237078075,-0.5695098836,0.0087100735,-1.0414138097,-0.6034030996,0.2254837289,-0.3521325999,0.1949463809,0.0169703707,0.1150624655,0.4185287281,-0.0651327882,0.2649807851,0.0039582203,0.395968889,0.0271821022,0.0435057557,59.99,0
49,0.9215436797,-0.0670837542,0.0774610276,0.953638217,0.0674124629,0.016152465,0.320451557,0.0385340276,-0.3915126651,0.0315602452,1.3916911801,1.07936322,0.1062677117,0.6659852513,0.4422535577,0.122646355,-0.4923915861,-0.535140314,-0.0780818341,0.1200507856,-0.3339295813,-1.2999195667,0.0843109903,-0.3703978712,0.1551015654,-0.834490365,0.0009090652,0.0355468757,135.51,0
50,-0.57152075,1.0716004494,1.2801102496,0.5427800031,0.5744389865,-0.2593592658,1.0611484152,-0.4109719679,-0.1791301811,1.0035006576,1.0623822685,0.1594223881,-0.2898603137,0.0058047464,0.4604409532,-0.2210352646,-0.7758524545,0.657023315,0.8075829187,0.3547306348,0.0035585201,0.5612404864,-0.1992867197,0.0013873894,-0.1795299519,-0.3741157258,0.071641454,-0.1755104687,9.79,0
50,-0.6717085477,0.5945025944,0.216415944,-0.8673106389,2.9669083011,3.6324948737,0.5632950747,0.673025597,-0.1887661438,-0.4043782918,-0.6997106262,-0.1841426087,-0.4268130337,-0.1830011082,-0.7477316832,-0.0377075789,-0.8664596385,-0.0072573203,-0.1604320442,-0.0027843344,-0.1364409668,-0.3003620256,-0.3316916234,0.9963824709,0.5024694923,-0.5180430484,-0.2082757551,-0.1160484064,14.8,0
51,1.2598731357,0.2542395765,0.5147886283,0.6209242974,-0.4759300988,-0.9922858392,0.0664165098,-0.2092750581,0.0355715654,-0.0676158214,-0.2041072637,0.4025966907,0.3766476944,0.2271350133,1.0249961213,0.2995317148,-0.4260460509,-0.5503150656,-0.1198989686,-0.0889700937,-0.2565305359,-0.7392116925,0.1357323809,0.3819898662,0.2193018918,0.0942906926,-0.0286866677,0.0191975911,1.98,0
52,1.147368927,0.0590346446,0.2636323414,1.2110234582,-0.0440955788,0.3010665013,-0.1329598557,0.2278851363,0.2521912372,0.0839039381,0.6450464509,0.413361748,-1.4680360293,0.5028611879,-0.6269360225,-0.3697160518,-0.0317992396,-0.2153421738,0.0550196504,-0.2559238749,-0.0878134179,-0.1107564068,-0.0977707248,-0.3233741782,0.6332788813,-0.3053278191,0.0273941237,-0.0005804647,6.67,0
52,-3.0052367224,2.6001382022,1.4836907373,-2.4184729551,0.3063264066,-0.8245745319,2.0654256393,-1.8293465894,4.0092585167,6.0515213508,2.5725001819,0.06685074,-0.3535743095,-2.8371359983,0.2922268797,-0.3037738397,-1.9423031449,-0.4354497165,-0.9340161152,2.4567240456,-0.8523088584,-0.1812684838,-0.1637465041,0.5158205258,0.136318432,0.4600539675,-0.2512586378,-1.1057511571,1.46,0
53,-1.1989676741,-1.4741004709,1.8403259873,-4.5158243549,0.3275674282,-0.1744692828,0.9597257055,-1.026456228,1.7004345845,-0.0789417612,1.6626671449,0.4856192997,-0.933024958,-1.1187865649,0.1412530408,-2.8118875482,-0.5047458099,0.8912226632,-1.5120224365,-0.7698542868,-0.453169417,0.3346140404,-0.3645414125,-0.3101857821,-0.3025994936,-1.2439241537,-1.1234565452,-0.7343510858,89.17,0
54,1.2023983281,0.3217113866,0.2812108945,0.6436885825,-0.1486685962,-0.589738667,0.0484125496,-0.0933612496,-0.0429340364,-0.3432456623,0.2351060505,0.5698819155,0.6763303886,-0.351249746,1.2951300586,0.1648597823,0.2464139353,-0.8044625222,-0.5617405428,-0.0707505671,-0.2511131245,-0.680155165,0.1481625265,0.0470615009,0.1570497459,0.1219346415,-0.0046078983,0.0294181091,7.53,0
55,-4.5750926082,-4.4291837747,3.4025850038,0.9039146799,3.0022237737,-0.4910777081,-2.705393163,0.6664513022,1.922216172,-0.6143120274,0.384926577,1.1944034523,-1.0207184543,-1.2468294057,-2.3486734372,-0.2134375335,-0.1002217448,-0.4060730735,-1.6375725188,-0.960962934,-0.0473650289,0.8533599347,-0.9716004292,-0.1148616394,0.4083003918,-0.3045764659,0.5477847887,-0.456296829,200.01,0
55,-0.7734500005,0.8531124944,0.8182535418,-0.2360701612,0.8034625387,-1.4387283317,0.7994793648,-0.0079889996,-0.7610895585,-1.0444640335,1.5041348942,-0.2916341679,-1.6154330234,-0.6652868356,-0.2929830458,0.8031060542,0.4621493669,0.8346410946,-0.6517968332,-0.1008584895,0.0353615494,-0.1168903161,-0.1789263468,0.4001551374,-0.0262306839,0.1651556835,0.0277618004,0.1329797885,0.76,0
56,-0.8479983656,1.0434593303,1.2673688922,1.1355294901,0.0213621026,0.3369141041,0.3984797428,0.3173991658,-0.0286579454,0.5340331925,0.8112800749,-0.0710028676,-1.9690515954,0.4500064432,-0.2631730734,-0.9683614129,0.4592537237,0.0037711921,1.0007162518,0.1286217171,-0.0240461057,0.2150063975,-0.1319815896,-0.0074156268,-0.1365781354,-0.2429607782,0.3829308468,0.2764169357,20.22,0
56,0.0869961905,-0.051988742,-0.4978824416,-3.1519078565,2.5584003624,2.7966709698,0.4702832708,0.2653328029,0.9195134602,-0.735585688,0.2087249487,0.0171306492,-0.1108669638,-0.0426768695,1.6541403635,-0.3926480226,-0.8759602174,0.1839461892,1.2593800279,0.1672310883,-0.2394255799,-0.4373421437,0.0184257681,1.0130377634,-0.2589265586,-0.2931892526,-0.3949555812,-0.4359955932,10.84,0
59,-0.7732926091,-4.1460072503,-0.9320375671,0.0270936839,-1.6983073218,0.4601878052,0.7373444745,-0.3142155815,-0.8426725385,0.017275794,-0.6175603317,-0.1975035355,1.5949575935,-0.2598787971,1.2210254656,1.3246395122,0.1205401856,-1.2486488712,-0.0050697911,2.442781774,0.8909777793,0.026122575,-1.1347693371,-0.65495825,0.0983862619,-0.2091499141,-0.1717091564,0.2080566412,1142.02,0
59,0.9210240188,-0.1624468611,-0.0943313674,0.4740839263,-0.0214859606,-0.3975063067,0.4826429785,-0.1174959748,-0.5778360314,-0.0186071371,1.837579183,1.4506710644,0.6797439728,0.5937184499,0.2497346977,-0.0843672205,-0.2597072798,-0.8949954605,-0.0103739417,0.2145104479,-0.2093811064,-0.9301072964,0.0285099108,0.0326820091,0.1551304951,0.13325047,-0.0735342308,0.0223491449,149.9,0
60,1.0691413849,0.0437859252,0.3098672909,1.316693993,-0.4623936239,-0.8578876043,0.2079036908,-0.191269942,0.0563978989,0.0415674551,-0.5073581248,-0.1086662201,-0.4732573483,0.45204589,1.0056748104,0.1854413977,-0.4399757524,0.0125391477,-0.4985879925,-0.0019982514,0.1157754499,0.1647810924,-0.1775640545,0.3918905697,0.6246817381,-0.2883764277,-0.0013118336,0.0358115193,89.4,0
60,1.1070293769,0.2164410004,0.5383781497,1.4763979927,-0.2519419205,-0.3406797069,0.1540917446,-0.0865025456,0.1444202011,-0.1573746277,-0.1075602977,1.0663256574,0.6207883668,-0.0708893377,-0.2038579828,-0.8534794193,0.3364780138,-1.1795317211,-0.5017291074,-0.1118525355,-0.0600374501,0.0598841228,-0.0475263665,0.4439924186,0.6402957587,-0.3376571307,0.0421084839,0.02426471,26.72,0
62,-1.0351058178,0.9960131278,2.1924701356,-0.1704453028,-0.3023197385,-0.1422557677,0.2234317744,0.2890434101,0.0941408906,-0.1578587328,-0.3863735494,-0.6286336622,-1.0239582112,0.0984338747,1.562288762,0.1685777017,-0.1488264113,-0.2859272105,-0.4833638942,0.1802876268,-0.0980000084,-0.1702458441,-0.137227527,0.0552282789,0.0793475542,0.3020326021,0.39137735,0.1965998807,5.99,0
64,1.212510891,-0.0990542956,-1.1920940946,0.2863235615,2.1605162518,3.6163135097,-0.4042068981,0.8423309516,0.1693604207,-0.0305221766,-0.541957258,0.2372120149,-0.2181296487,0.197436521,-0.1478502459,-0.0978301417,-0.5100525012,-0.0709392806,0.3551705837,0.0147774396,-0.1674963365,-0.4946945698,-0.149785451,1.0112265547,0.8835477047,-0.3294338106,0.0203701457,0.0170370864,34.7,0
64,-0.6583049341,0.4067905674,2.0374606388,-0.2912979744,0.1479098086,-0.350857292,0.9453732131,-0.1725600167,0.0251333985,-0.7781347237,-0.1962898019,0.6329552618,0.3740251716,-0.5315972074,-0.6150625651,-0.5180784592,0.0038808953,-1.2889540744,-0.7978044852,0.0641328739,-0.1560957606,-0.2388049649,0.0898771774,0.4211953671,-0.3524871342,0.0747827425,-0.0941921698,-0.0924931304,54.99,0
64,0.9596016585,0.3707113046,0.88861337,2.343244103,0.3524908411,1.3655146062,-0.2777707305,0.5160531797,-0.7009290451,0.4682162394,0.7456115099,0.373531003,-0.2239182859,0.4174381421,1.6784001435,-0.5157016002,0.6624786683,-2.5142351136,-2.5896875749,-0.2984045208,-0.1555471607,-0.4032393157,0.3565040341,-0.6968814589,-0.1987179702,-0.2202679155,0.0685461961,0.0207973154,7.55,0
67,-0.6534446273,0.1602250769,1.5922555552,1.2968322836,0.9971749236,-0.3430003024,0.4699369308,-0.132470082,-0.1977940774,-0.1050055381,-0.5436622109,0.3022330226,0.1412110787,-0.2078804436,0.0241083999,-1.2068765919,0.3948363819,-0.7509556302,0.4405584812,0.2259203469,0.038362968,0.3364490124,-0.0148828328,0.1029590102,-0.2653220601,-0.3486366866,0.0112384491,-0.04947834,19.85,0
67,-1.4946678407,0.8372414,2.6282106179,3.1454143789,-0.6090983889,0.2584950007,-0.0121886134,0.1021360352,-0.2861635968,1.1985563246,-0.5502956687,-0.1068459885,0.2080142882,-0.6805104028,0.5077635832,-0.2602640226,0.2466313239,0.0088555044,0.8994158014,-0.0283519351,-0.1400473581,0.3550441838,0.3327199884,0.7181925171,-0.2193660461,0.1189265514,-0.3174857022,-0.3407833977,28.28,0
